DATE,TOTAL_SALES,TOTAL_COST,TOTAL_QUANTITY,SALES_PRICE_PER_UNIT,GROSS_PROFIT_PERCENT,GROSS_PROFIT_PER_UNIT,GROSS_PROFIT_PERCENT_PER_UNIT
16/11/2016,77230,71429,1763,44,8,3,8
15/11/2016,95509,88104,2181,44,8,3,8
14/11/2016,87834,83068,2046,43,5,2,5
13/11/2016,97947,93113,2281,43,5,2,5
12/11/2016,164999,156263,3843,43,5,2,5
11/11/2016,160939,152555,3748,43,5,2,5
10/11/2016,71529,67551,1666,43,6,2,6
9/11/2016,81650,77082,1901,43,6,2,6
8/11/2016,100480,94692,2341,43,6,2,6
7/11/2016,112536,105978,2621,43,6,3,6
6/11/2016,108459,102250,2537,43,6,2,6
5/11/2016,202017,189395,4720,43,6,3,6
4/11/2016,168349,156676,3938,43,7,3,7
3/11/2016,97039,89413,2266,43,8,3,8
2/11/2016,97558,86204,2284,43,12,5,12
1/11/2016,126954,110699,2971,43,13,5,13
31/10/2016,70021,62316,1639,43,11,5,11
30/10/2016,67521,61234,1582,43,9,4,9
29/10/2016,124988,113188,2929,43,9,4,9
28/10/2016,102606,92658,2405,43,10,4,10
27/10/2016,53675,48202,1257,43,10,4,10
26/10/2016,62502,56101,1467,43,10,4,10
25/10/2016,70403,63453,1650,43,10,4,10
24/10/2016,40132,36348,940,43,9,4,9
23/10/2016,54738,49991,1280,43,9,4,9
22/10/2016,105663,95930,2472,43,9,4,9
21/10/2016,96021,86810,2249,43,10,4,10
20/10/2016,38648,35038,906,43,9,4,9
19/10/2016,37672,33678,877,43,11,5,11
18/10/2016,40951,37289,954,43,9,4,9
17/10/2016,57185,51765,1332,43,9,4,9
16/10/2016,57296,52701,1335,43,8,3,8
15/10/2016,92159,83372,2147,43,10,4,10
14/10/2016,69441,62071,1618,43,11,5,11
13/10/2016,22334,19704,521,43,12,5,12
12/10/2016,31023,27818,768,40,10,4,10
11/10/2016,36114,31885,896,40,12,5,12
10/10/2016,50935,44984,1263,40,12,5,12
9/10/2016,51751,45607,1284,40,12,5,12
8/10/2016,92053,81209,2283,40,12,5,12
7/10/2016,87749,77447,2176,40,12,5,12
6/10/2016,70279,61976,1740,40,12,5,12
5/10/2016,78862,69675,1955,40,12,5,12
4/10/2016,96621,85492,2397,40,12,5,12
3/10/2016,142759,126506,3540,40,11,5,11
2/10/2016,118580,113347,3173,37,4,2,4
1/10/2016,208489,201417,5632,37,3,1,3
30/9/2016,155918,151036,4216,37,3,1,3
29/9/2016,57019,55187,1534,37,3,1,3
28/9/2016,58797,57169,1581,37,3,1,3
27/9/2016,58942,52813,1462,40,10,4,10
26/9/2016,67355,60179,1671,40,11,4,11
25/9/2016,72457,64759,1797,40,11,4,11
24/9/2016,151639,135498,3758,40,11,4,11
23/9/2016,147504,131965,3657,40,11,4,11
22/9/2016,41886,37565,1039,40,10,4,10
21/9/2016,50085,44832,1241,40,10,4,10
20/9/2016,37924,34031,940,40,10,4,10
19/9/2016,46566,41660,1155,40,11,4,11
18/9/2016,49825,44594,1235,40,10,4,10
17/9/2016,100121,89572,2482,40,11,4,11
16/9/2016,69865,62545,1733,40,10,4,10
15/9/2016,40742,36465,1010,40,10,4,10
14/9/2016,20495,18375,508,40,10,4,10
13/9/2016,30425,27399,755,40,10,4,10
12/9/2016,52075,46884,1291,40,10,4,10
11/9/2016,48832,44014,1211,40,10,4,10
10/9/2016,85070,76592,2108,40,10,4,10
9/9/2016,77336,69612,1917,40,10,4,10
8/9/2016,43292,37392,1029,42,14,6,14
7/9/2016,50736,43830,1206,42,14,6,14
6/9/2016,154495,164109,4519,34,-6,-2,-6
5/9/2016,228177,242590,6685,34,-6,-2,-6
4/9/2016,209026,222164,6119,34,-6,-2,-6
3/9/2016,369091,391843,10800,34,-6,-2,-6
2/9/2016,370355,392493,10830,34,-6,-2,-6
1/9/2016,313492,333031,9183,34,-6,-2,-6
31/8/2016,236305,250572,6918,34,-6,-2,-6
30/8/2016,133962,142300,3924,34,-6,-2,-6
29/8/2016,159626,169479,4672,34,-6,-2,-6
28/8/2016,153894,163401,4507,34,-6,-2,-6
27/8/2016,355070,376756,10393,34,-6,-2,-6
26/8/2016,337900,358772,9908,34,-6,-2,-6
25/8/2016,226376,240430,6647,34,-6,-2,-6
24/8/2016,120407,127699,3549,34,-6,-2,-6
23/8/2016,43538,37649,1035,42,14,6,14
22/8/2016,127370,133350,3672,35,-5,-2,-5
21/8/2016,136480,143734,3958,34,-5,-2,-5
20/8/2016,249981,262145,7220,35,-5,-2,-5
19/8/2016,229861,241090,6646,35,-5,-2,-5
18/8/2016,112010,117374,3236,35,-5,-2,-5
17/8/2016,122319,128298,3536,35,-5,-2,-5
16/8/2016,114709,119758,3302,35,-4,-2,-4
15/8/2016,162728,168580,4649,35,-4,-1,-4
14/8/2016,123084,129602,3576,34,-5,-2,-5
13/8/2016,266271,281658,7771,34,-6,-2,-6
12/8/2016,210665,220379,6082,35,-5,-2,-5
11/8/2016,99867,103827,2867,35,-4,-1,-4
10/8/2016,146811,155136,4282,34,-6,-2,-6
9/8/2016,30832,26577,733,42,14,6,14
8/8/2016,37727,32490,897,42,14,6,14
7/8/2016,30066,25872,715,42,14,6,14
6/8/2016,71509,61501,1700,42,14,6,14
5/8/2016,73453,63386,1746,42,14,6,14
4/8/2016,46291,39783,1101,42,14,6,14
3/8/2016,48442,41611,1152,42,14,6,14
2/8/2016,70641,60630,1679,42,14,6,14
1/8/2016,65134,55946,1548,42,14,6,14
31/7/2016,59515,51145,1415,42,14,6,14
30/7/2016,95344,81874,2267,42,14,6,14
29/7/2016,93509,80347,2223,42,14,6,14
28/7/2016,51908,44545,1234,42,14,6,14
27/7/2016,67781,58196,1611,42,14,6,14
26/7/2016,43895,37605,1044,42,14,6,14
25/7/2016,43086,36887,1024,42,14,6,14
24/7/2016,40881,35019,972,42,14,6,14
23/7/2016,77172,66114,1835,42,14,6,14
22/7/2016,61148,52384,1454,42,14,6,14
21/7/2016,35170,30133,836,42,14,6,14
20/7/2016,42724,36607,1016,42,14,6,14
19/7/2016,37870,32437,900,42,14,6,14
18/7/2016,51604,44223,1227,42,14,6,14
17/7/2016,45324,38810,1078,42,14,6,14
16/7/2016,95297,81656,2266,42,14,6,14
15/7/2016,80346,68788,1910,42,14,6,14
14/7/2016,30423,26054,723,42,14,6,14
13/7/2016,33226,28489,790,42,14,6,14
12/7/2016,36852,31574,876,42,14,6,14
11/7/2016,45839,39231,1090,42,14,6,14
10/7/2016,39810,34092,946,42,14,6,14
9/7/2016,78700,67367,1871,42,14,6,14
8/7/2016,87185,74655,2073,42,14,6,14
7/7/2016,69579,59599,1654,42,14,6,14
6/7/2016,204006,219723,6098,33,-8,-3,-8
5/7/2016,219363,237026,6577,33,-8,-3,-8
4/7/2016,281532,304052,8431,33,-8,-3,-8
3/7/2016,242185,261535,7259,33,-8,-3,-8
2/7/2016,454543,490487,13609,33,-8,-3,-8
1/7/2016,479010,517742,14344,33,-8,-3,-8
30/6/2016,282758,305894,8482,33,-8,-3,-8
29/6/2016,211701,229024,6345,33,-8,-3,-8
28/6/2016,200616,217105,6007,33,-8,-3,-8
27/6/2016,253702,274426,7593,33,-8,-3,-8
26/6/2016,221579,240450,6641,33,-9,-3,-9
25/6/2016,461281,498910,13793,33,-8,-3,-8
24/6/2016,389904,422373,11667,33,-8,-3,-8
23/6/2016,143753,155660,4305,33,-8,-3,-8
22/6/2016,40067,34559,953,42,14,6,14
21/6/2016,123252,127533,3509,35,-3,-1,-3
20/6/2016,143810,148954,4097,35,-4,-1,-4
19/6/2016,134472,139386,3831,35,-4,-1,-4
18/6/2016,308643,327672,9012,34,-6,-2,-6
17/6/2016,329344,341253,9385,35,-4,-1,-4
16/6/2016,201918,209096,5749,35,-4,-1,-4
15/6/2016,224031,237935,6541,34,-6,-2,-6
14/6/2016,107169,111173,3054,35,-4,-1,-4
13/6/2016,130067,134951,3707,35,-4,-1,-4
12/6/2016,138350,143347,3943,35,-4,-1,-4
11/6/2016,293918,311854,8577,34,-6,-2,-6
10/6/2016,252458,261502,7190,35,-4,-1,-4
9/6/2016,138753,143791,3953,35,-4,-1,-4
8/6/2016,162924,173293,4765,34,-6,-2,-6
7/6/2016,70442,60911,1675,42,14,6,14
6/6/2016,177627,188630,5185,34,-6,-2,-6
5/6/2016,205719,218408,6007,34,-6,-2,-6
4/6/2016,402057,426466,11726,34,-6,-2,-6
3/6/2016,373959,396324,10896,34,-6,-2,-6
2/6/2016,278071,295548,8120,34,-6,-2,-6
1/6/2016,368790,391924,10761,34,-6,-2,-6
31/5/2016,258971,274386,7542,34,-6,-2,-6
30/5/2016,172798,183716,5048,34,-6,-2,-6
29/5/2016,204028,216777,5959,34,-6,-2,-6
28/5/2016,397480,421674,11590,34,-6,-2,-6
27/5/2016,364087,386500,10624,34,-6,-2,-6
26/5/2016,210305,223289,6138,34,-6,-2,-6
25/5/2016,253686,268975,7392,34,-6,-2,-6
24/5/2016,113113,117415,3224,35,-4,-1,-4
23/5/2016,69164,59948,1644,42,13,6,13
22/5/2016,61656,53464,1466,42,13,6,13
21/5/2016,99380,86180,2363,42,13,6,13
20/5/2016,96831,83926,2302,42,13,6,13
19/5/2016,39404,34230,937,42,13,6,13
18/5/2016,34407,29884,818,42,13,6,13
17/5/2016,39105,33890,930,42,13,6,13
16/5/2016,42872,37139,1019,42,13,6,13
15/5/2016,51497,44612,1224,42,13,6,13
14/5/2016,82484,71426,1961,42,13,6,13
13/5/2016,79840,69079,1898,42,13,6,13
12/5/2016,27210,23570,647,42,13,6,13
11/5/2016,35014,30394,832,42,13,6,13
10/5/2016,42724,37113,1016,42,13,6,13
9/5/2016,66400,57742,1579,42,13,5,13
8/5/2016,139179,148731,4074,34,-7,-2,-7
7/5/2016,388188,414645,11363,34,-7,-2,-7
6/5/2016,340852,364361,9973,34,-7,-2,-7
5/5/2016,237947,254527,6968,34,-7,-2,-7
4/5/2016,285968,305507,8364,34,-7,-2,-7
3/5/2016,297501,319786,8717,34,-7,-3,-7
2/5/2016,283285,304998,8298,34,-8,-3,-8
1/5/2016,354856,380511,10388,34,-7,-2,-7
30/4/2016,556865,598926,16276,34,-8,-3,-8
29/4/2016,455554,489215,13321,34,-7,-3,-7
28/4/2016,257325,276852,7520,34,-8,-3,-8
27/4/2016,313435,337931,9182,34,-8,-3,-8
26/4/2016,280322,302470,8211,34,-8,-3,-8
25/4/2016,251450,273255,7372,34,-9,-3,-9
24/4/2016,186166,202391,5453,34,-9,-3,-9
23/4/2016,420739,455415,12317,34,-8,-3,-8
22/4/2016,351146,380098,10269,34,-8,-3,-8
21/4/2016,167796,182485,4914,34,-9,-3,-9
20/4/2016,166395,179021,4838,34,-8,-3,-8
19/4/2016,126896,133726,3606,35,-5,-2,-5
18/4/2016,151158,159829,4294,35,-6,-2,-6
17/4/2016,164809,175167,4678,35,-6,-2,-6
16/4/2016,327352,345339,9301,35,-5,-2,-5
15/4/2016,354042,373200,10045,35,-5,-2,-5
14/4/2016,162167,172226,4601,35,-6,-2,-6
13/4/2016,124431,132889,3534,35,-7,-2,-7
12/4/2016,123179,132715,3504,35,-8,-3,-8
11/4/2016,131171,142023,3713,35,-8,-3,-8
10/4/2016,104689,113609,2958,35,-9,-3,-9
9/4/2016,272761,298164,7738,35,-9,-3,-9
8/4/2016,264087,291379,7494,35,-10,-4,-10
7/4/2016,155615,171592,4413,35,-10,-4,-10
6/4/2016,54822,50800,1303,42,7,3,7
5/4/2016,81911,79970,2048,40,2,1,2
4/4/2016,131638,130700,3345,39,1,0,1
3/4/2016,90717,95543,2446,37,-5,-2,-5
2/4/2016,195831,205443,5259,37,-5,-2,-5
1/4/2016,232410,245359,6282,37,-6,-2,-6
31/3/2016,131168,138589,3554,37,-6,-2,-6
30/3/2016,64309,68428,1746,37,-6,-2,-6
29/3/2016,84836,84595,2155,39,0,0,0
28/3/2016,85605,85022,2162,40,1,0,1
27/3/2016,58360,57682,1466,40,1,0,1
26/3/2016,162929,161435,4103,40,1,0,1
25/3/2016,228124,222208,5652,40,3,1,3
24/3/2016,262460,259298,6588,40,1,0,1
23/3/2016,84870,81473,2065,41,4,2,4
22/3/2016,65906,62024,1573,42,6,2,6
21/3/2016,48038,45188,1143,42,6,2,6
20/3/2016,54846,51626,1304,42,6,2,6
19/3/2016,92851,87452,2211,42,6,2,6
18/3/2016,78277,73747,1866,42,6,2,6
17/3/2016,34349,32293,817,42,6,3,6
16/3/2016,41893,39495,997,42,6,2,6
15/3/2016,55489,52263,1320,42,6,2,6
14/3/2016,45047,42368,1071,42,6,3,6
13/3/2016,37156,34963,883,42,6,2,6
12/3/2016,79752,74963,1897,42,6,3,6
11/3/2016,77997,73052,1855,42,6,3,6
10/3/2016,37453,35108,892,42,6,3,6
9/3/2016,38341,35918,913,42,6,3,6
8/3/2016,60528,62343,1577,38,-3,-1,-3
7/3/2016,91143,95168,2405,38,-4,-2,-4
6/3/2016,74133,74332,1882,39,0,0,0
5/3/2016,152124,153378,3889,39,-1,0,-1
4/3/2016,142128,144039,3665,39,-1,-1,-1
3/3/2016,129719,131962,3364,39,-2,-1,-2
2/3/2016,171196,174429,4451,38,-2,-1,-2
1/3/2016,180829,182962,4719,38,-1,0,-1
29/2/2016,163079,160333,4270,38,2,1,2
28/2/2016,134996,129939,3452,39,4,1,4
27/2/2016,215952,210033,5609,39,3,1,3
26/2/2016,188736,183103,4935,38,3,1,3
25/2/2016,160948,162597,4404,37,-1,0,-1
24/2/2016,81531,81738,2213,37,0,0,0
23/2/2016,54613,49072,1301,42,10,4,10
22/2/2016,85224,75961,2028,42,11,5,11
21/2/2016,96957,86455,2308,42,11,5,11
20/2/2016,325215,345446,9260,35,-6,-2,-6
19/2/2016,161276,143446,3841,42,11,5,11
18/2/2016,69598,61493,1658,42,12,5,12
17/2/2016,158963,167522,4529,35,-5,-2,-5
16/2/2016,77345,68269,1841,42,12,5,12
15/2/2016,123445,108669,2940,42,12,5,12
14/2/2016,87992,76379,2094,42,13,6,13
13/2/2016,172542,150539,4105,42,13,5,13
12/2/2016,148840,129583,3542,42,13,5,13
11/2/2016,64035,55491,1525,42,13,6,13
10/2/2016,76661,66380,1825,42,13,6,13
9/2/2016,84495,74682,2053,41,12,5,12
8/2/2016,208489,221373,6087,34,-6,-2,-6
7/2/2016,174582,185041,5089,34,-6,-2,-6
6/2/2016,371562,393884,10840,34,-6,-2,-6
5/2/2016,325749,345288,9501,34,-6,-2,-6
4/2/2016,197778,209372,5759,34,-6,-2,-6
3/2/2016,264159,280392,7712,34,-6,-2,-6
2/2/2016,278116,295646,8116,34,-6,-2,-6
1/2/2016,339004,371177,10153,33,-9,-3,-9
31/1/2016,218104,238662,6525,33,-9,-3,-9
30/1/2016,512603,561872,15345,33,-10,-3,-10
29/1/2016,397984,437199,11900,33,-10,-3,-10
28/1/2016,195768,210640,5723,34,-8,-3,-8
27/1/2016,214452,231730,6265,34,-8,-3,-8
26/1/2016,205198,221932,5992,34,-8,-3,-8
25/1/2016,215171,234622,6278,34,-9,-3,-9
24/1/2016,149139,163506,4351,34,-10,-3,-10
23/1/2016,315272,346093,9210,34,-10,-3,-10
22/1/2016,266949,294323,7806,34,-10,-4,-10
21/1/2016,67046,61894,1628,41,8,3,8
20/1/2016,159590,182351,4776,33,-14,-5,-14
19/1/2016,70513,65453,1715,41,7,3,7
18/1/2016,96947,89961,2357,41,7,3,7
17/1/2016,92595,86018,2252,41,7,3,7
16/1/2016,191287,177577,4652,41,7,3,7
15/1/2016,150007,139245,3648,41,7,3,7
14/1/2016,61686,57191,1499,41,7,3,7
13/1/2016,67588,62760,1644,41,7,3,7
12/1/2016,99446,92227,2417,41,7,3,7
11/1/2016,121373,112550,2949,41,7,3,7
10/1/2016,90774,84299,2207,41,7,3,7
9/1/2016,134630,124963,3274,41,7,3,7
8/1/2016,106592,99022,2594,41,7,3,7
7/1/2016,74401,68989,1808,41,7,3,7
6/1/2016,98647,91611,2401,41,7,3,7
5/1/2016,215738,234642,6150,35,-9,-3,-9
4/1/2016,274990,299576,7843,35,-9,-3,-9
3/1/2016,164528,179309,4694,35,-9,-3,-9
2/1/2016,262421,285676,7479,35,-9,-3,-9
1/1/2016,111650,121448,3179,35,-9,-3,-9
31/12/2015,325458,353930,9266,35,-9,-3,-9
30/12/2015,208583,227060,5945,35,-9,-3,-9
29/12/2015,161268,175378,4592,35,-9,-3,-9
28/12/2015,133021,123501,3234,41,7,3,7
27/12/2015,69523,64616,1692,41,7,3,7
26/12/2015,82778,76876,2013,41,7,3,7
25/12/2015,133729,124364,3256,41,7,3,7
24/12/2015,392228,364396,9540,41,7,3,7
23/12/2015,268330,249584,6534,41,7,3,7
22/12/2015,313125,338300,8863,35,-8,-3,-8
21/12/2015,289243,312785,8196,35,-8,-3,-8
20/12/2015,155313,167422,4382,35,-8,-3,-8
19/12/2015,337507,362223,9490,36,-7,-3,-7
18/12/2015,273563,295855,7750,35,-8,-3,-8
17/12/2015,213778,230994,6051,35,-8,-3,-8
16/12/2015,234468,251494,6585,36,-7,-3,-7
15/12/2015,220272,237123,6212,35,-8,-3,-8
14/12/2015,173833,179871,4715,37,-3,-1,-3
13/12/2015,185423,191390,5014,37,-3,-1,-3
12/12/2015,333489,359621,9422,35,-8,-3,-8
11/12/2015,229672,237672,6227,37,-3,-1,-3
10/12/2015,133184,137726,3610,37,-3,-1,-3
9/12/2015,141285,145443,3814,37,-3,-1,-3
8/12/2015,117649,121640,3190,37,-3,-1,-3
7/12/2015,90442,84000,2198,41,7,3,7
6/12/2015,195425,210461,5505,35,-8,-3,-8
5/12/2015,378528,410385,10737,35,-8,-3,-8
4/12/2015,317691,345450,9038,35,-9,-3,-9
3/12/2015,201049,219110,5732,35,-9,-3,-9
2/12/2015,248438,269808,7056,35,-9,-3,-9
1/12/2015,262395,285839,7474,35,-9,-3,-9
30/11/2015,260654,283981,7423,35,-9,-3,-9
29/11/2015,238638,274094,7139,33,-15,-5,-15
28/11/2015,434640,498896,13019,33,-15,-5,-15
27/11/2015,375876,431326,11257,33,-15,-5,-15
26/11/2015,311443,355344,9273,34,-14,-5,-14
25/11/2015,243161,266054,6924,35,-9,-3,-9
24/11/2015,111021,121457,3160,35,-9,-3,-9
23/11/2015,79712,74376,1937,41,7,3,7
22/11/2015,152505,167601,4345,35,-10,-3,-10
21/11/2015,309518,338720,8811,35,-9,-3,-9
20/11/2015,301034,328965,8567,35,-9,-3,-9
19/11/2015,145697,159318,4151,35,-9,-3,-9
18/11/2015,147472,161403,4202,35,-9,-3,-9
17/11/2015,152369,166625,4342,35,-9,-3,-9
16/11/2015,177193,193615,5042,35,-9,-3,-9
15/11/2015,168730,184673,4803,35,-9,-3,-9
14/11/2015,377937,413010,10769,35,-9,-3,-9
13/11/2015,358184,391310,10204,35,-9,-3,-9
12/11/2015,140238,153481,4000,35,-9,-3,-9
11/11/2015,147894,161666,4216,35,-9,-3,-9
10/11/2015,131436,143823,3744,35,-9,-3,-9
9/11/2015,94243,89949,2338,40,5,2,5
8/11/2015,134137,140236,3640,37,-5,-2,-5
7/11/2015,280264,306935,7987,35,-10,-3,-10
6/11/2015,214540,223738,5822,37,-4,-2,-4
5/11/2015,111875,116637,3036,37,-4,-2,-4
4/11/2015,201368,220580,5731,35,-10,-3,-10
3/11/2015,192001,201126,5211,37,-5,-2,-5
2/11/2015,269555,281915,7316,37,-5,-2,-5
1/11/2015,274815,287978,7459,37,-5,-2,-5
31/10/2015,391656,429833,11148,35,-10,-3,-10
30/10/2015,285082,297628,7731,37,-4,-2,-4
29/10/2015,119047,124349,3231,37,-4,-2,-4
28/10/2015,159300,174699,4532,35,-10,-3,-10
27/10/2015,117051,122175,3177,37,-4,-2,-4
26/10/2015,123321,128134,3347,37,-4,-1,-4
25/10/2015,118618,122915,3218,37,-4,-1,-4
24/10/2015,253117,262410,6872,37,-4,-1,-4
23/10/2015,185771,192527,5042,37,-4,-1,-4
22/10/2015,55930,54178,1419,39,3,1,3
21/10/2015,53678,52000,1361,39,3,1,3
20/10/2015,42055,40736,1067,39,3,1,3
19/10/2015,55166,53437,1399,39,3,1,3
18/10/2015,59808,57937,1517,39,3,1,3
17/10/2015,111527,108024,2829,39,3,1,3
16/10/2015,110809,107332,2810,39,3,1,3
15/10/2015,53491,51799,1357,39,3,1,3
14/10/2015,42196,40869,1070,39,3,1,3
13/10/2015,40141,38881,1018,39,3,1,3
12/10/2015,57749,55933,1465,39,3,1,3
11/10/2015,57413,55618,1456,39,3,1,3
10/10/2015,119755,116004,3037,39,3,1,3
9/10/2015,126588,122622,3211,39,3,1,3
8/10/2015,59610,57736,1512,39,3,1,3
7/10/2015,63968,61943,1622,39,3,1,3
6/10/2015,221618,253291,6636,33,-14,-5,-14
5/10/2015,294558,336898,8828,33,-14,-5,-14
4/10/2015,202903,232360,6085,33,-15,-5,-15
3/10/2015,451100,515549,13508,33,-14,-5,-14
2/10/2015,393635,448391,11758,33,-14,-5,-14
1/10/2015,402312,459286,12065,33,-14,-5,-14
30/9/2015,323549,368435,9693,33,-14,-5,-14
29/9/2015,143082,162929,4288,33,-14,-5,-14
28/9/2015,190892,216571,5720,33,-13,-4,-13
27/9/2015,163290,185404,4895,33,-14,-5,-14
26/9/2015,351320,397627,10528,33,-13,-4,-13
25/9/2015,368038,413541,11030,33,-12,-4,-12
24/9/2015,150037,167705,4492,33,-12,-4,-12
23/9/2015,125183,138584,3725,34,-11,-4,-11
22/9/2015,46599,43807,1182,39,6,2,6
21/9/2015,44303,41485,1124,39,6,3,6
20/9/2015,41856,39629,1078,39,5,2,5
19/9/2015,68997,65212,1766,39,5,2,5
18/9/2015,68505,64882,1755,39,5,2,5
17/9/2015,29751,28084,760,39,6,2,6
16/9/2015,30195,28605,773,39,5,2,5
15/9/2015,51003,48602,1300,39,5,2,5
14/9/2015,52160,49656,1329,39,5,2,5
13/9/2015,32480,30764,829,39,5,2,5
12/9/2015,57382,54341,1469,39,5,2,5
11/9/2015,85940,81560,2194,39,5,2,5
10/9/2015,48407,45317,1232,39,6,3,6
9/9/2015,76014,72211,1961,39,5,2,5
8/9/2015,70287,66640,1810,39,5,2,5
7/9/2015,178921,192508,5228,34,-8,-3,-8
6/9/2015,164720,176648,4800,34,-7,-2,-7
5/9/2015,364417,392128,10643,34,-8,-3,-8
4/9/2015,340440,366360,9936,34,-8,-3,-8
3/9/2015,271551,293344,7938,34,-8,-3,-8
2/9/2015,345776,373816,10102,34,-8,-3,-8
1/9/2015,384807,418102,11257,34,-9,-3,-9
31/8/2015,332560,361970,9721,34,-9,-3,-9
30/8/2015,202250,220152,5913,34,-9,-3,-9
29/8/2015,461188,504578,13484,34,-9,-3,-9
28/8/2015,387639,426783,11330,34,-10,-3,-10
27/8/2015,228732,252845,6675,34,-11,-4,-11
26/8/2015,275459,307092,8035,34,-11,-4,-11
25/8/2015,217683,246976,6360,34,-13,-5,-13
24/8/2015,59443,59785,1528,39,-1,0,-1
23/8/2015,56975,57549,1467,39,-1,0,-1
22/8/2015,102231,104713,2677,38,-2,-1,-2
21/8/2015,76691,78692,2006,38,-3,-1,-3
20/8/2015,24755,25407,643,38,-3,-1,-3
19/8/2015,23234,24104,604,38,-4,-1,-4
18/8/2015,35166,36842,922,38,-5,-2,-5
17/8/2015,64394,67505,1690,38,-5,-2,-5
16/8/2015,71056,74589,1866,38,-5,-2,-5
15/8/2015,117288,122504,3068,38,-4,-2,-4
14/8/2015,85794,89899,2247,38,-5,-2,-5
13/8/2015,39463,41414,1035,38,-5,-2,-5
12/8/2015,44699,46850,1171,38,-5,-2,-5
11/8/2015,60187,62538,1563,39,-4,-2,-4
10/8/2015,69968,72666,1812,39,-4,-1,-4
9/8/2015,75504,77979,1944,39,-3,-1,-3
8/8/2015,131868,135721,3388,39,-3,-1,-3
7/8/2015,120327,123708,3088,39,-3,-1,-3
6/8/2015,74355,76978,1922,39,-4,-1,-4
5/8/2015,75483,78024,1948,39,-3,-1,-3
4/8/2015,77673,80418,2007,39,-4,-1,-4
3/8/2015,81142,83115,2074,39,-2,-1,-2
2/8/2015,88154,90829,2258,39,-3,-1,-3
1/8/2015,173307,178700,4453,39,-3,-1,-3
31/7/2015,145034,149877,3740,39,-3,-1,-3
30/7/2015,55134,57065,1423,39,-4,-1,-4
29/7/2015,53434,55517,1381,39,-4,-2,-4
28/7/2015,56977,59094,1474,39,-4,-1,-4
27/7/2015,86843,90243,2242,39,-4,-2,-4
26/7/2015,81715,85089,2109,39,-4,-2,-4
25/7/2015,138625,143537,3572,39,-4,-1,-4
24/7/2015,125690,130428,3259,39,-4,-1,-4
23/7/2015,66800,69324,1734,39,-4,-1,-4
22/7/2015,44305,45469,1142,39,-3,-1,-3
21/7/2015,71973,73852,1846,39,-3,-1,-3
20/7/2015,69927,71363,1787,39,-2,-1,-2
19/7/2015,77646,79556,1982,39,-2,-1,-2
18/7/2015,129441,132493,3322,39,-2,-1,-2
17/7/2015,119204,122670,3070,39,-3,-1,-3
16/7/2015,71913,73763,1849,39,-3,-1,-3
15/7/2015,80326,81730,2050,39,-2,-1,-2
14/7/2015,51241,52510,1307,39,-2,-1,-2
13/7/2015,63331,64690,1610,39,-2,-1,-2
12/7/2015,57428,58723,1467,39,-2,-1,-2
11/7/2015,142378,143925,3595,40,-1,0,-1
10/7/2015,125983,127885,3195,39,-2,-1,-2
9/7/2015,70815,71913,1797,39,-2,-1,-2
8/7/2015,84427,84589,2114,40,0,0,0
7/7/2015,135754,143800,3593,38,-6,-2,-6
6/7/2015,173988,184189,4601,38,-6,-2,-6
5/7/2015,156873,165969,4146,38,-6,-2,-6
4/7/2015,316365,335025,8364,38,-6,-2,-6
3/7/2015,268410,284593,7104,38,-6,-2,-6
2/7/2015,250482,266062,6639,38,-6,-2,-6
1/7/2015,305232,324249,8086,38,-6,-2,-6
30/6/2015,212465,225679,5627,38,-6,-2,-6
29/6/2015,165558,175871,4385,38,-6,-2,-6
28/6/2015,185648,197095,4914,38,-6,-2,-6
27/6/2015,369246,392018,9770,38,-6,-2,-6
26/6/2015,319580,339242,8450,38,-6,-2,-6
25/6/2015,183844,195366,4865,38,-6,-2,-6
24/6/2015,106613,113428,2822,38,-6,-2,-6
23/6/2015,64956,62170,1546,42,4,2,4
22/6/2015,85984,82427,2046,42,4,2,4
21/6/2015,89512,85782,2128,42,4,2,4
20/6/2015,169304,162288,4027,42,4,2,4
19/6/2015,141913,136018,3376,42,4,2,4
18/6/2015,78747,75674,1875,42,4,2,4
17/6/2015,89073,85639,2120,42,4,2,4
16/6/2015,100477,96810,2395,42,4,2,4
15/6/2015,149502,143963,3557,42,4,2,4
14/6/2015,83780,80660,1992,42,4,2,4
13/6/2015,185110,178347,4404,42,4,2,4
12/6/2015,155157,149423,3690,42,4,2,4
11/6/2015,68988,66539,1642,42,4,1,4
10/6/2015,71200,68669,1694,42,4,1,4
9/6/2015,76957,74213,1830,42,4,1,4
8/6/2015,109811,106166,2613,42,3,1,3
7/6/2015,179603,193349,4758,38,-8,-3,-8
6/6/2015,349413,376095,9255,38,-8,-3,-8
5/6/2015,293461,315938,7775,38,-8,-3,-8
4/6/2015,201146,216429,5326,38,-8,-3,-8
3/6/2015,269836,290492,7148,38,-8,-3,-8
2/6/2015,334319,360169,8863,38,-8,-3,-8
1/6/2015,440906,474967,11688,38,-8,-3,-8
31/5/2015,264637,284829,7009,38,-8,-3,-8
30/5/2015,546135,588250,14475,38,-8,-3,-8
29/5/2015,472161,508265,12507,38,-8,-3,-8
28/5/2015,217746,234483,5770,38,-8,-3,-8
27/5/2015,243554,262251,6453,38,-8,-3,-8
26/5/2015,199386,214720,5283,38,-8,-3,-8
25/5/2015,256435,276174,6795,38,-8,-3,-8
24/5/2015,169541,182419,4489,38,-8,-3,-8
23/5/2015,418715,450936,11096,38,-8,-3,-8
22/5/2015,321821,346488,8526,38,-8,-3,-8
21/5/2015,84604,81763,2012,42,3,1,3
20/5/2015,166176,178568,4394,38,-7,-3,-7
19/5/2015,137941,147846,3638,38,-7,-3,-7
18/5/2015,196421,211511,5205,38,-8,-3,-8
17/5/2015,177160,190812,4695,38,-8,-3,-8
16/5/2015,413700,445570,10964,38,-8,-3,-8
15/5/2015,380593,409812,10084,38,-8,-3,-8
14/5/2015,149179,160620,3952,38,-8,-3,-8
13/5/2015,166403,179222,4410,38,-8,-3,-8
12/5/2015,193182,208039,5118,38,-8,-3,-8
11/5/2015,198443,213676,5257,38,-8,-3,-8
10/5/2015,166536,179243,4410,38,-8,-3,-8
9/5/2015,389972,419827,10329,38,-8,-3,-8
8/5/2015,330589,355565,8748,38,-8,-3,-8
7/5/2015,117198,115769,2848,41,1,1,1
6/5/2015,224994,242260,5959,38,-8,-3,-8
5/5/2015,239923,251701,6191,39,-5,-2,-5
4/5/2015,320309,336743,8283,39,-5,-2,-5
3/5/2015,259542,273280,6721,39,-5,-2,-5
2/5/2015,461667,496853,12217,38,-8,-3,-8
1/5/2015,499703,526207,12937,39,-5,-2,-5
30/4/2015,385483,406252,9986,39,-5,-2,-5
29/4/2015,198985,209484,5150,39,-5,-2,-5
28/4/2015,190561,200804,4936,39,-5,-2,-5
27/4/2015,194028,204053,5014,39,-5,-2,-5
26/4/2015,200370,210965,5179,39,-5,-2,-5
25/4/2015,496882,535306,13144,38,-8,-3,-8
24/4/2015,343587,362391,8892,39,-5,-2,-5
23/4/2015,60310,58446,1434,42,3,1,3
22/4/2015,132738,140264,3439,39,-6,-2,-6
21/4/2015,56874,55172,1353,42,3,1,3
20/4/2015,57233,55707,1365,42,3,1,3
19/4/2015,62787,61213,1497,42,3,1,3
18/4/2015,132843,129546,3172,42,2,1,2
17/4/2015,103912,101409,2485,42,2,1,2
16/4/2015,50000,48828,1198,42,2,1,2
15/4/2015,58278,56970,1398,42,2,1,2
14/4/2015,40776,39940,979,42,2,1,2
13/4/2015,83137,82700,2019,41,1,0,1
12/4/2015,79649,79349,1934,41,0,0,0
11/4/2015,126508,126044,3072,41,0,0,0
10/4/2015,114067,113654,2770,41,0,0,0
9/4/2015,74691,74428,1814,41,0,0,0
8/4/2015,100918,100579,2451,41,0,0,0
7/4/2015,176814,178390,4348,41,-1,0,-1
6/4/2015,182466,198405,4836,38,-9,-3,-9
5/4/2015,135578,147336,3591,38,-9,-3,-9
4/4/2015,400302,434873,10600,38,-9,-3,-9
3/4/2015,510289,554160,13503,38,-9,-3,-9
2/4/2015,715032,777522,18936,38,-9,-3,-9
1/4/2015,498894,542484,13207,38,-9,-3,-9
31/3/2015,355535,386989,9421,38,-9,-3,-9
30/3/2015,215204,234819,5706,38,-9,-3,-9
29/3/2015,224103,244360,5937,38,-9,-3,-9
28/3/2015,459485,501363,12181,38,-9,-3,-9
27/3/2015,354191,386465,9386,38,-9,-3,-9
26/3/2015,229184,250361,6077,38,-9,-3,-9
25/3/2015,253219,276195,6704,38,-9,-3,-9
24/3/2015,125061,136375,3312,38,-9,-3,-9
23/3/2015,81342,81132,1976,41,0,0,0
22/3/2015,66954,66756,1626,41,0,0,0
21/3/2015,121361,120829,2947,41,0,0,0
20/3/2015,96881,96453,2353,41,0,0,0
19/3/2015,43213,42981,1050,41,1,0,1
18/3/2015,48649,48362,1182,41,1,0,1
17/3/2015,50670,50309,1230,41,1,0,1
16/3/2015,80635,80121,1959,41,1,0,1
15/3/2015,67152,66803,1631,41,1,0,1
14/3/2015,150592,149574,3657,41,1,0,1
13/3/2015,117447,116681,2853,41,1,0,1
12/3/2015,48008,47682,1166,41,1,0,1
11/3/2015,57064,56638,1386,41,1,0,1
10/3/2015,62500,62074,1518,41,1,0,1
9/3/2015,117661,116861,2858,41,1,0,1
8/3/2015,122107,121395,2966,41,1,0,1
7/3/2015,306920,332242,8127,38,-8,-3,-8
6/3/2015,269240,291365,7128,38,-8,-3,-8
5/3/2015,145976,157578,3858,38,-8,-3,-8
4/3/2015,258211,278826,6843,38,-8,-3,-8
3/3/2015,249381,268762,6611,38,-8,-3,-8
2/3/2015,234706,252710,6221,38,-8,-3,-8
1/3/2015,256702,276569,6803,38,-8,-3,-8
28/2/2015,350899,375031,9296,38,-7,-3,-7
27/2/2015,307541,324997,8156,38,-6,-2,-6
26/2/2015,157292,166305,4171,38,-6,-2,-6
25/2/2015,198432,209500,5253,38,-6,-2,-6
24/2/2015,95474,100868,2530,38,-6,-2,-6
23/2/2015,86703,85731,2150,40,1,0,1
22/2/2015,136053,144020,3608,38,-6,-2,-6
21/2/2015,267782,283430,7102,38,-6,-2,-6
20/2/2015,293072,310240,7770,38,-6,-2,-6
19/2/2015,144329,152824,3827,38,-6,-2,-6
18/2/2015,161065,170739,4270,38,-6,-2,-6
17/2/2015,139936,148698,3713,38,-6,-2,-6
16/2/2015,220506,234723,5846,38,-6,-2,-6
15/2/2015,203861,217066,5406,38,-6,-2,-6
14/2/2015,424010,451548,11237,38,-6,-2,-6
13/2/2015,358597,382447,9505,38,-7,-3,-7
12/2/2015,138520,147756,3674,38,-7,-3,-7
11/2/2015,162162,173662,4299,38,-7,-3,-7
10/2/2015,138667,148523,3677,38,-7,-3,-7
9/2/2015,97909,97098,2378,41,1,0,1
8/2/2015,73042,73046,1774,41,0,0,0
7/2/2015,105918,105663,2573,41,0,0,0
6/2/2015,85730,85766,2082,41,0,0,0
5/2/2015,46211,46407,1122,41,0,0,0
4/2/2015,82514,83232,2005,41,-1,0,-1
3/2/2015,102072,103635,2479,41,-2,-1,-2
2/2/2015,151737,154149,3685,41,-2,-1,-2
1/2/2015,171470,174652,4165,41,-2,-1,-2
31/1/2015,200194,203815,4862,41,-2,-1,-2
30/1/2015,134540,137222,3268,41,-2,-1,-2
29/1/2015,57310,58531,1392,41,-2,-1,-2
28/1/2015,59898,61194,1455,41,-2,-1,-2
27/1/2015,76993,78614,1870,41,-2,-1,-2
26/1/2015,91830,93808,2230,41,-2,-1,-2
25/1/2015,78092,79795,1897,41,-2,-1,-2
24/1/2015,158722,162082,3855,41,-2,-1,-2
23/1/2015,154671,158032,3757,41,-2,-1,-2
22/1/2015,66551,67952,1616,41,-2,-1,-2
21/1/2015,62796,64144,1525,41,-2,-1,-2
20/1/2015,97827,99134,2376,41,-1,-1,-1
19/1/2015,90144,91111,2189,41,-1,0,-1
18/1/2015,74744,76004,1815,41,-2,-1,-2
17/1/2015,170624,173547,4144,41,-2,-1,-2
16/1/2015,149444,152031,3629,41,-2,-1,-2
15/1/2015,79081,80338,1921,41,-2,-1,-2
14/1/2015,59553,60703,1446,41,-2,-1,-2
13/1/2015,64654,65980,1570,41,-2,-1,-2
12/1/2015,84738,86468,2058,41,-2,-1,-2
11/1/2015,69597,71051,1690,41,-2,-1,-2
10/1/2015,120808,123393,2934,41,-2,-1,-2
9/1/2015,123859,126444,3008,41,-2,-1,-2
8/1/2015,76895,78468,1868,41,-2,-1,-2
7/1/2015,83176,84729,2020,41,-2,-1,-2
6/1/2015,181534,197329,4705,39,-9,-3,-9
5/1/2015,220444,239988,5717,39,-9,-3,-9
4/1/2015,178395,194427,4624,39,-9,-3,-9
3/1/2015,245813,267735,6371,39,-9,-3,-9
2/1/2015,271101,295019,7023,39,-9,-3,-9
1/1/2015,112161,122170,2905,39,-9,-3,-9
31/12/2014,365055,398013,9464,39,-9,-3,-9
30/12/2014,216390,235724,5607,39,-9,-3,-9
29/12/2014,133307,136003,3237,41,-2,-1,-2
28/12/2014,69051,70483,1677,41,-2,-1,-2
27/12/2014,110162,112384,2676,41,-2,-1,-2
26/12/2014,48103,49028,1169,41,-2,-1,-2
25/12/2014,137687,140526,3344,41,-2,-1,-2
24/12/2014,486230,495909,11809,41,-2,-1,-2
23/12/2014,316395,326627,7778,41,-3,-1,-3
22/12/2014,204565,210189,5014,41,-3,-1,-3
21/12/2014,173833,190645,4541,38,-10,-4,-10
20/12/2014,316167,346378,8268,38,-10,-4,-10
19/12/2014,274344,299517,7141,38,-9,-4,-9
18/12/2014,202359,221436,5288,38,-9,-4,-9
17/12/2014,148911,161138,3865,39,-8,-3,-8
16/12/2014,166038,179571,4308,39,-8,-3,-8
15/12/2014,282247,304490,7341,38,-8,-3,-8
14/12/2014,177500,192327,4632,38,-8,-3,-8
13/12/2014,369351,402565,9654,38,-9,-3,-9
12/12/2014,279092,301236,7259,38,-8,-3,-8
11/12/2014,158603,171693,4157,38,-8,-3,-8
10/12/2014,161845,169349,4095,40,-5,-2,-5
9/12/2014,75425,77014,1861,41,-2,-1,-2
8/12/2014,90122,91082,2222,41,-1,0,-1
7/12/2014,104675,111904,2712,39,-7,-3,-7
6/12/2014,150370,154999,3765,40,-3,-1,-3
5/12/2014,77884,77619,1914,41,0,0,0
4/12/2014,54997,54503,1368,40,1,0,1
3/12/2014,71590,69655,1784,40,3,1,3
2/12/2014,88220,85533,2170,41,3,1,3
1/12/2014,105101,97257,2492,42,7,3,7
30/11/2014,101038,93178,2375,43,8,3,8
29/11/2014,88322,79880,2068,43,10,4,10
28/11/2014,46818,40653,1096,43,13,6,13
27/11/2014,37777,32720,880,43,13,6,13
26/11/2014,30371,26055,709,43,14,6,14
25/11/2014,40531,35674,968,42,12,5,12
24/11/2014,26870,23516,641,42,12,5,12
23/11/2014,31220,26893,737,42,14,6,14
22/11/2014,47498,41179,1122,42,13,6,13
21/11/2014,53974,47192,1281,42,13,5,13
20/11/2014,51041,50038,1361,38,2,1,2
19/11/2014,48529,47410,1291,38,2,1,2
18/11/2014,62632,61158,1665,38,2,1,2
17/11/2014,86313,84419,2297,38,2,1,2
16/11/2014,75871,73906,2017,38,3,1,3
15/11/2014,180686,176898,4802,38,2,1,2
14/11/2014,149808,146995,3984,38,2,1,2
13/11/2014,55033,53997,1466,38,2,1,2
12/11/2014,49437,48290,1314,38,2,1,2
11/11/2014,56303,54997,1497,38,2,1,2
10/11/2014,76103,73968,2016,38,3,1,3
9/11/2014,74116,71994,1968,38,3,1,3
8/11/2014,160727,156701,4268,38,3,1,3
7/11/2014,140168,136539,3722,38,3,1,3
6/11/2014,86867,84486,2309,38,3,1,3
5/11/2014,72757,67873,1847,39,7,3,7
4/11/2014,99245,90949,2519,39,8,3,8
3/11/2014,205369,201281,5581,37,2,1,2
2/11/2014,148476,145646,4038,37,2,1,2
1/11/2014,247453,242639,6730,37,2,1,2
31/10/2014,166652,163320,4537,37,2,1,2
30/10/2014,69704,68293,1898,37,2,1,2
29/10/2014,81992,80113,2232,37,2,1,2
28/10/2014,89528,87067,2435,37,3,1,3
27/10/2014,145185,140652,3949,37,3,1,3
26/10/2014,128521,124739,3502,37,3,1,3
25/10/2014,302722,294130,8249,37,3,1,3
24/10/2014,248975,241961,6781,37,3,1,3
23/10/2014,97476,94764,2651,37,3,1,3
22/10/2014,99076,96512,2701,37,3,1,3
21/10/2014,103396,100424,2815,37,3,1,3
20/10/2014,101724,98871,2773,37,3,1,3
19/10/2014,90692,87911,2468,37,3,1,3
18/10/2014,169499,164493,4611,37,3,1,3
17/10/2014,121058,116950,3293,37,3,1,3
16/10/2014,95230,91088,2591,37,4,2,4
15/10/2014,130476,124398,3548,37,5,2,5
14/10/2014,69571,66314,1894,37,5,2,5
13/10/2014,86800,82392,2360,37,5,2,5
12/10/2014,61038,57992,1661,37,5,2,5
11/10/2014,138038,131192,3758,37,5,2,5
10/10/2014,179841,170758,4891,37,5,2,5
9/10/2014,103281,98066,2809,37,5,2,5
8/10/2014,70509,67142,1923,37,5,2,5
7/10/2014,78112,74252,2127,37,5,2,5
6/10/2014,375648,404179,11579,32,-8,-2,-8
5/10/2014,280055,301280,8631,32,-8,-2,-8
4/10/2014,656246,705891,20223,32,-8,-2,-8
3/10/2014,518694,557939,15986,32,-8,-2,-8
2/10/2014,470508,506072,14503,32,-8,-2,-8
1/10/2014,594438,639307,18330,32,-8,-2,-8
30/9/2014,358025,384823,11036,32,-7,-2,-7
29/9/2014,264317,283913,8147,32,-7,-2,-7
28/9/2014,283851,304441,8747,32,-7,-2,-7
27/9/2014,617019,661011,19017,32,-7,-2,-7
26/9/2014,585464,625981,18036,32,-7,-2,-7
25/9/2014,358366,382968,11039,32,-7,-2,-7
24/9/2014,209908,223554,6457,33,-7,-2,-7
23/9/2014,110118,108880,3143,35,1,0,1
22/9/2014,90816,89654,2592,35,1,0,1
21/9/2014,75633,74547,2159,35,1,1,1
20/9/2014,153569,151376,4383,35,1,1,1
19/9/2014,137155,135277,3915,35,1,0,1
18/9/2014,69425,68280,1982,35,2,1,2
17/9/2014,73768,72472,2105,35,2,1,2
16/9/2014,83204,81753,2375,35,2,1,2
15/9/2014,120236,118094,3432,35,2,1,2
14/9/2014,86436,84948,2467,35,2,1,2
13/9/2014,171725,168652,4901,35,2,1,2
12/9/2014,148634,145956,4242,35,2,1,2
11/9/2014,70875,69489,2023,35,2,1,2
10/9/2014,78736,77072,2247,35,2,1,2
9/9/2014,122750,120071,3503,35,2,1,2
8/9/2014,244481,272633,7958,31,-12,-4,-12
7/9/2014,234154,261088,7620,31,-12,-4,-12
6/9/2014,552704,616170,17985,31,-11,-4,-11
5/9/2014,501279,558767,16310,31,-11,-4,-11
4/9/2014,312312,348177,10164,31,-11,-4,-11
3/9/2014,464068,517181,15100,31,-11,-4,-11
2/9/2014,469470,523480,15291,31,-12,-4,-12
1/9/2014,594954,662851,19366,31,-11,-4,-11
31/8/2014,358171,398563,11646,31,-11,-3,-11
30/8/2014,717097,797789,23310,31,-11,-3,-11
29/8/2014,594007,660938,19317,31,-11,-3,-11
28/8/2014,258066,287169,8400,31,-11,-3,-11
27/8/2014,274712,304335,8909,31,-11,-3,-11
26/8/2014,242825,259861,7619,32,-7,-2,-7
25/8/2014,316404,323293,9493,33,-2,-1,-2
24/8/2014,214392,218348,6424,33,-2,-1,-2
23/8/2014,453633,463250,13613,33,-2,-1,-2
22/8/2014,376779,384006,11309,33,-2,-1,-2
21/8/2014,164208,167240,4928,33,-2,-1,-2
20/8/2014,171587,174723,5151,33,-2,-1,-2
19/8/2014,160372,167021,4941,32,-4,-1,-4
18/8/2014,255224,265533,7864,32,-4,-1,-4
17/8/2014,239514,249203,7380,32,-4,-1,-4
16/8/2014,541601,562953,16686,32,-4,-1,-4
15/8/2014,473322,491559,14587,32,-4,-1,-4
14/8/2014,177909,184688,5485,32,-4,-1,-4
13/8/2014,197698,205114,6092,32,-4,-1,-4
12/8/2014,190325,197438,5863,32,-4,-1,-4
11/8/2014,232347,241135,7158,32,-4,-1,-4
10/8/2014,195867,203331,6032,32,-4,-1,-4
9/8/2014,408616,424341,12588,32,-4,-1,-4
8/8/2014,439421,456510,13542,32,-4,-1,-4
7/8/2014,103273,99367,2947,35,4,1,4
6/8/2014,80698,77650,2303,35,4,1,4
5/8/2014,262350,272809,8091,32,-4,-1,-4
4/8/2014,362107,376646,11170,32,-4,-1,-4
3/8/2014,307273,319500,9473,32,-4,-1,-4
2/8/2014,628685,653780,19384,32,-4,-1,-4
1/8/2014,611895,636341,18867,32,-4,-1,-4
31/7/2014,295508,307222,9108,32,-4,-1,-4
30/7/2014,198019,205904,6102,32,-4,-1,-4
29/7/2014,212361,221017,6548,32,-4,-1,-4
28/7/2014,292635,304508,9018,32,-4,-1,-4
27/7/2014,266306,277238,8207,32,-4,-1,-4
26/7/2014,562590,586671,17343,32,-4,-1,-4
25/7/2014,515699,538260,15897,32,-4,-1,-4
24/7/2014,95618,92417,2729,35,3,1,3
23/7/2014,165742,173725,5106,32,-5,-2,-5
22/7/2014,56674,55279,1618,35,2,1,2
21/7/2014,86738,84643,2475,35,2,1,2
20/7/2014,85078,83021,2428,35,2,1,2
19/7/2014,242759,255780,7485,32,-5,-2,-5
18/7/2014,124616,121612,3557,35,2,1,2
17/7/2014,80823,78845,2307,35,2,1,2
16/7/2014,156537,164641,4825,32,-5,-2,-5
15/7/2014,110288,107437,3148,35,3,1,3
14/7/2014,75385,73393,2151,35,3,1,3
13/7/2014,49705,48370,1419,35,3,1,3
12/7/2014,99277,96688,2833,35,3,1,3
11/7/2014,134018,130633,3825,35,3,1,3
10/7/2014,103999,101271,2968,35,3,1,3
9/7/2014,81803,79496,2335,35,3,1,3
8/7/2014,108417,105373,3094,35,3,1,3
7/7/2014,68918,66991,1967,35,3,1,3
6/7/2014,70153,68252,2002,35,3,1,3
5/7/2014,117562,114396,3355,35,3,1,3
4/7/2014,98088,95423,2799,35,3,1,3
3/7/2014,93451,90927,2667,35,3,1,3
2/7/2014,104761,101616,2990,35,3,1,3
1/7/2014,180183,173843,5143,35,4,1,4
30/6/2014,93620,90294,2672,35,4,1,4
29/6/2014,62074,60084,1772,35,3,1,3
28/6/2014,146169,141012,4172,35,4,1,4
27/6/2014,131721,127302,3759,35,3,1,3
26/6/2014,55781,53688,1592,35,4,1,4
25/6/2014,56078,53925,1601,35,4,1,4
24/6/2014,36693,35299,1047,35,4,1,4
23/6/2014,138298,139206,4133,33,-1,0,-1
22/6/2014,134944,135373,4015,34,0,0,0
21/6/2014,203345,206919,6161,33,-2,-1,-2
20/6/2014,203165,205351,6119,33,-1,0,-1
19/6/2014,113736,119544,3578,32,-5,-2,-5
18/6/2014,184260,192058,5752,32,-4,-1,-4
17/6/2014,212688,221404,6632,32,-4,-1,-4
16/6/2014,185606,193340,5788,32,-4,-1,-4
15/6/2014,224232,233554,6991,32,-4,-1,-4
14/6/2014,473426,492135,14745,32,-4,-1,-4
13/6/2014,468702,486181,14585,32,-4,-1,-4
12/6/2014,200272,207758,6232,32,-4,-1,-4
11/6/2014,174325,180979,5429,32,-4,-1,-4
10/6/2014,188335,195255,5857,32,-4,-1,-4
9/6/2014,214178,220255,6607,32,-3,-1,-3
8/6/2014,193773,201255,6037,32,-4,-1,-4
7/6/2014,391931,407439,12222,32,-4,-1,-4
6/6/2014,288118,300214,9005,32,-4,-1,-4
5/6/2014,184990,192825,5783,32,-4,-1,-4
4/6/2014,286406,296903,8904,32,-4,-1,-4
3/6/2014,328218,340914,10223,32,-4,-1,-4
2/6/2014,425845,442156,13256,32,-4,-1,-4
1/6/2014,456017,473224,14188,32,-4,-1,-4
31/5/2014,603749,626259,18775,32,-4,-1,-4
30/5/2014,503149,521651,15637,32,-4,-1,-4
29/5/2014,207429,215119,6448,32,-4,-1,-4
28/5/2014,243721,252929,7579,32,-4,-1,-4
27/5/2014,226132,234497,7023,32,-4,-1,-4
26/5/2014,218189,225608,6752,32,-3,-1,-3
25/5/2014,210765,217364,6500,32,-3,-1,-3
24/5/2014,590643,614246,18356,32,-4,-1,-4
23/5/2014,430521,449274,13384,32,-4,-1,-4
22/5/2014,115475,115011,3421,34,0,0,0
21/5/2014,194879,204461,6070,32,-5,-2,-5
20/5/2014,178124,187748,5550,32,-5,-2,-5
19/5/2014,168521,175540,5194,32,-4,-1,-4
18/5/2014,166433,174377,5141,32,-5,-2,-5
17/5/2014,498717,526707,15508,32,-6,-2,-6
16/5/2014,415315,441791,12949,32,-6,-2,-6
15/5/2014,270124,289865,8408,32,-7,-2,-7
14/5/2014,201121,218099,6253,32,-8,-3,-8
13/5/2014,146167,157693,4503,32,-8,-3,-8
12/5/2014,183414,197835,5653,32,-8,-3,-8
11/5/2014,200407,215908,6173,32,-8,-3,-8
10/5/2014,431696,465254,13306,32,-8,-3,-8
9/5/2014,303226,325837,9328,33,-7,-2,-7
8/5/2014,96335,93696,2683,36,3,1,3
7/5/2014,91720,93157,2677,34,-2,-1,-2
6/5/2014,119386,115693,3324,36,3,1,3
5/5/2014,110887,109460,3154,35,1,0,1
4/5/2014,93082,91602,2642,35,2,1,2
3/5/2014,131437,127602,3697,36,3,1,3
2/5/2014,163849,157301,4581,36,4,1,4
1/5/2014,180294,175657,5124,35,3,1,3
30/4/2014,154850,150644,4398,35,3,1,3
29/4/2014,131843,130405,3807,35,1,0,1
28/4/2014,124176,122516,3576,35,1,0,1
27/4/2014,124965,123042,3592,35,2,1,2
26/4/2014,285054,281160,8209,35,1,0,1
25/4/2014,295741,292327,8537,35,1,0,1
24/4/2014,98430,96197,2809,35,2,1,2
23/4/2014,109358,106850,3121,35,2,1,2
22/4/2014,182483,187345,5475,33,-3,-1,-3
21/4/2014,161171,165415,4834,33,-3,-1,-3
20/4/2014,114280,117191,3429,33,-3,-1,-3
19/4/2014,360481,369766,10814,33,-3,-1,-3
18/4/2014,464816,476693,13940,33,-3,-1,-3
17/4/2014,612236,627928,18366,33,-3,-1,-3
16/4/2014,294023,301522,8821,33,-3,-1,-3
15/4/2014,249806,255957,7497,33,-2,-1,-2
14/4/2014,193652,198212,5810,33,-2,-1,-2
13/4/2014,166394,170062,4990,33,-2,-1,-2
12/4/2014,375031,383727,11250,33,-2,-1,-2
11/4/2014,318950,326323,9573,33,-2,-1,-2
10/4/2014,179326,183279,5380,33,-2,-1,-2
9/4/2014,124828,121265,3563,35,3,1,3
8/4/2014,118921,115306,3394,35,3,1,3
7/4/2014,131910,130784,3854,34,1,0,1
6/4/2014,119190,116856,3447,35,2,1,2
5/4/2014,217111,213541,6320,34,2,1,2
4/4/2014,190560,187742,5558,34,1,1,1
3/4/2014,136002,134523,3997,34,1,0,1
2/4/2014,155621,153366,4575,34,1,0,1
1/4/2014,244535,239701,7155,34,2,1,2
31/3/2014,190720,187073,5583,34,2,1,2
30/3/2014,163865,160525,4791,34,2,1,2
29/3/2014,357369,352251,10518,34,1,0,1
28/3/2014,276175,271551,8130,34,2,1,2
27/3/2014,119452,118187,3543,34,1,0,1
26/3/2014,125310,122275,3666,34,2,1,2
25/3/2014,130227,127394,3822,34,2,1,2
24/3/2014,81378,77704,2323,35,5,2,5
23/3/2014,70195,67062,2003,35,4,2,4
22/3/2014,172954,165201,4936,35,4,2,4
21/3/2014,200940,192019,5735,35,4,2,4
20/3/2014,180395,172344,5149,35,4,2,4
19/3/2014,92387,88256,2637,35,4,2,4
18/3/2014,94850,90572,2707,35,5,2,5
17/3/2014,243708,250794,7494,33,-3,-1,-3
16/3/2014,226618,233191,6968,33,-3,-1,-3
15/3/2014,518183,534383,15971,32,-3,-1,-3
14/3/2014,395941,406766,12167,33,-3,-1,-3
13/3/2014,164664,168975,5056,33,-3,-1,-3
12/3/2014,191700,197153,5903,32,-3,-1,-3
11/3/2014,187143,191499,5737,33,-2,-1,-2
10/3/2014,286231,297643,8932,32,-4,-1,-4
9/3/2014,224699,233590,7014,32,-4,-1,-4
8/3/2014,520147,541499,16262,32,-4,-1,-4
7/3/2014,465318,483775,14551,32,-4,-1,-4
6/3/2014,167804,168136,5072,33,0,0,0
5/3/2014,256391,267309,8079,32,-4,-1,-4
4/3/2014,310346,323325,9789,32,-4,-1,-4
3/3/2014,538827,557567,16884,32,-3,-1,-3
2/3/2014,478902,495554,15004,32,-3,-1,-3
1/3/2014,846678,872082,26410,32,-3,-1,-3
28/2/2014,661877,686657,20805,32,-4,-1,-4
27/2/2014,344300,365936,11082,31,-6,-2,-6
26/2/2014,225052,228214,6934,32,-1,0,-1
25/2/2014,224995,227546,6937,32,-1,0,-1
24/2/2014,133146,134505,4106,32,-1,0,-1
23/2/2014,138492,140753,4270,32,-2,-1,-2
22/2/2014,309218,320117,9772,32,-4,-1,-4
21/2/2014,317916,322090,9802,32,-1,0,-1
20/2/2014,78941,75934,2310,34,4,1,4
19/2/2014,106427,107736,3281,32,-1,0,-1
18/2/2014,55592,53463,1627,34,4,1,4
17/2/2014,150800,152887,4649,32,-1,0,-1
16/2/2014,133914,136797,4127,32,-2,-1,-2
15/2/2014,367729,373974,11332,32,-2,-1,-2
14/2/2014,336901,343520,10381,32,-2,-1,-2
13/2/2014,138292,141027,4259,32,-2,-1,-2
12/2/2014,163433,166893,5037,32,-2,-1,-2
11/2/2014,135499,139824,4172,32,-3,-1,-3
10/2/2014,147728,154829,4552,32,-5,-2,-5
9/2/2014,135178,141531,4163,32,-5,-2,-5
8/2/2014,316073,329755,9737,32,-4,-1,-4
7/2/2014,301554,313529,9284,32,-4,-1,-4
6/2/2014,102315,101978,3028,34,0,0,0
5/2/2014,187156,195079,5764,32,-4,-1,-4
4/2/2014,130127,128496,3809,34,1,0,1
3/2/2014,143193,140506,4191,34,2,1,2
2/2/2014,113434,111467,3320,34,2,1,2
1/2/2014,181209,178436,5304,34,2,1,2
31/1/2014,137694,135610,4030,34,2,1,2
30/1/2014,64640,63758,1892,34,1,0,1
29/1/2014,67458,66529,1974,34,1,0,1
28/1/2014,50416,49769,1476,34,1,0,1
27/1/2014,72353,71377,2117,34,1,0,1
26/1/2014,82885,81583,2426,34,2,1,2
25/1/2014,155273,152636,4544,34,2,1,2
24/1/2014,116959,114824,3423,34,2,1,2
23/1/2014,63978,62864,1872,34,2,1,2
22/1/2014,57806,57157,1704,34,1,0,1
21/1/2014,89922,88389,2638,34,2,1,2
20/1/2014,83356,81789,2443,34,2,1,2
19/1/2014,74297,72782,2176,34,2,1,2
18/1/2014,149926,146928,4393,34,2,1,2
17/1/2014,135461,132703,3968,34,2,1,2
16/1/2014,84905,83350,2491,34,2,1,2
15/1/2014,98945,97159,2903,34,2,1,2
14/1/2014,80091,78097,2348,34,2,1,2
13/1/2014,114883,112186,3369,34,2,1,2
12/1/2014,95422,93126,2796,34,2,1,2
11/1/2014,146571,143180,4297,34,2,1,2
10/1/2014,144830,141334,4246,34,2,1,2
9/1/2014,107804,104816,3159,34,3,1,3
8/1/2014,101836,99382,2990,34,2,1,2
7/1/2014,224020,229534,6911,32,-2,-1,-2
6/1/2014,306352,313446,9448,32,-2,-1,-2
5/1/2014,179189,183083,5524,32,-2,-1,-2
4/1/2014,307044,313652,9470,32,-2,-1,-2
3/1/2014,326906,333806,10084,32,-2,-1,-2
2/1/2014,200173,202881,6175,32,-1,0,-1
1/1/2014,86782,87986,2678,32,-1,0,-1
31/12/2013,300345,306986,9268,32,-2,-1,-2
30/12/2013,223938,230080,6827,33,-3,-1,-3
